0,SWT.java
1,SWTError.java
2,SWTException.java
3,accessibility/ACC.java
4,accessibility/Accessible.java
5,accessibility/AccessibleAdapter.java
6,accessibility/AccessibleControlAdapter.java
7,accessibility/AccessibleControlEvent.java
8,accessibility/AccessibleControlListener.java
9,accessibility/AccessibleEvent.java
10,accessibility/AccessibleListener.java
11,accessibility/AccessibleTextAdapter.java
12,accessibility/AccessibleTextEvent.java
13,accessibility/AccessibleTextListener.java
14,awt/SWT_AWT.java
15,browser/Browser.java
16,browser/CloseWindowListener.java
17,browser/LocationAdapter.java
18,browser/LocationEvent.java
19,browser/LocationListener.java
20,browser/OpenWindowListener.java
21,browser/ProgressAdapter.java
22,browser/ProgressEvent.java
23,browser/ProgressListener.java
24,browser/StatusTextEvent.java
25,browser/StatusTextListener.java
26,browser/TitleEvent.java
27,browser/TitleListener.java
28,browser/VisibilityWindowAdapter.java
29,browser/VisibilityWindowListener.java
30,browser/WebSite.java
31,browser/WindowEvent.java
32,custom/AnimatedProgress.java
33,custom/BidiSegmentEvent.java
34,custom/BidiSegmentListener.java
35,custom/BusyIndicator.java
36,custom/CBanner.java
37,custom/CBannerLayout.java
38,custom/CCombo.java
39,custom/CLabel.java
40,custom/CLayoutData.java
41,custom/CTabFolder.java
42,custom/CTabFolder2Adapter.java
43,custom/CTabFolder2Listener.java
44,custom/CTabFolderAdapter.java
45,custom/CTabFolderEvent.java
46,custom/CTabFolderLayout.java
47,custom/CTabFolderListener.java
48,custom/CTabItem.java
49,custom/ControlEditor.java
50,custom/DefaultContent.java
51,custom/DefaultLineStyler.java
52,custom/DisplayRenderer.java
53,custom/ExtendedModifyEvent.java
54,custom/ExtendedModifyListener.java
55,custom/LineBackgroundEvent.java
56,custom/LineBackgroundListener.java
57,custom/LineStyleEvent.java
58,custom/LineStyleListener.java
59,custom/PopupList.java
60,custom/PrintRenderer.java
61,custom/ST.java
62,custom/SashForm.java
63,custom/SashFormData.java
64,custom/SashFormLayout.java
65,custom/ScrolledComposite.java
66,custom/ScrolledCompositeLayout.java
67,custom/StackLayout.java
68,custom/StyleRange.java
69,custom/StyledText.java
70,custom/StyledTextContent.java
71,custom/StyledTextEvent.java
72,custom/StyledTextListener.java
73,custom/StyledTextPrintOptions.java
74,custom/StyledTextRenderer.java
75,custom/TableCursor.java
76,custom/TableEditor.java
77,custom/TableTree.java
78,custom/TableTreeEditor.java
79,custom/TableTreeItem.java
80,custom/TextChangeListener.java
81,custom/TextChangedEvent.java
82,custom/TextChangingEvent.java
83,custom/TreeEditor.java
84,custom/VerifyKeyListener.java
85,custom/ViewForm.java
86,custom/ViewFormLayout.java
87,custom/WrappedContent.java
88,dnd/ByteArrayTransfer.java
89,dnd/Clipboard.java
90,dnd/DND.java
91,dnd/DNDEvent.java
92,dnd/DNDListener.java
93,dnd/DragSource.java
94,dnd/DragSourceAdapter.java
95,dnd/DragSourceEvent.java
96,dnd/DragSourceListener.java
97,dnd/DragUnderEffect.java
98,dnd/DropTarget.java
99,dnd/DropTargetAdapter.java
100,dnd/DropTargetEvent.java
101,dnd/DropTargetListener.java
102,dnd/FileTransfer.java
103,dnd/HTMLTransfer.java
104,dnd/NoDragUnderEffect.java
105,dnd/OleEnumFORMATETC.java
106,dnd/RTFTransfer.java
107,dnd/TableDragUnderEffect.java
108,dnd/TextTransfer.java
109,dnd/Transfer.java
110,dnd/TransferData.java
111,dnd/TreeDragUnderEffect.java
112,dnd/URLTransfer.java
113,events/ArmEvent.java
114,events/ArmListener.java
115,events/ControlAdapter.java
116,events/ControlEvent.java
117,events/ControlListener.java
118,events/DisposeEvent.java
119,events/DisposeListener.java
120,events/FocusAdapter.java
121,events/FocusEvent.java
122,events/FocusListener.java
123,events/HelpEvent.java
124,events/HelpListener.java
125,events/KeyAdapter.java
126,events/KeyEvent.java
127,events/KeyListener.java
128,events/MenuAdapter.java
129,events/MenuEvent.java
130,events/MenuListener.java
131,events/ModifyEvent.java
132,events/ModifyListener.java
133,events/MouseAdapter.java
134,events/MouseEvent.java
135,events/MouseListener.java
136,events/MouseMoveListener.java
137,events/MouseTrackAdapter.java
138,events/MouseTrackListener.java
139,events/PaintEvent.java
140,events/PaintListener.java
141,events/SelectionAdapter.java
142,events/SelectionEvent.java
143,events/SelectionListener.java
144,events/ShellAdapter.java
145,events/ShellEvent.java
146,events/ShellListener.java
147,events/TraverseEvent.java
148,events/TraverseListener.java
149,events/TreeAdapter.java
150,events/TreeEvent.java
151,events/TreeListener.java
152,events/TypedEvent.java
153,events/VerifyEvent.java
154,events/VerifyListener.java
155,graphics/Color.java
156,graphics/Cursor.java
157,graphics/Device.java
158,graphics/DeviceData.java
159,graphics/Drawable.java
160,graphics/Font.java
161,graphics/FontData.java
162,graphics/FontMetrics.java
163,graphics/GC.java
164,graphics/GCData.java
165,graphics/Image.java
166,graphics/ImageData.java
167,graphics/ImageDataLoader.java
168,graphics/ImageLoader.java
169,graphics/ImageLoaderEvent.java
170,graphics/ImageLoaderListener.java
171,graphics/PaletteData.java
172,graphics/Path.java
173,graphics/PathData.java
174,graphics/Pattern.java
175,graphics/Point.java
176,graphics/RGB.java
177,graphics/Rectangle.java
178,graphics/Region.java
179,graphics/Resource.java
180,graphics/TextLayout.java
181,graphics/TextStyle.java
182,graphics/Transform.java
183,internal/BidiUtil.java
184,internal/Callback.java
185,internal/CloneableCompatibility.java
186,internal/Compatibility.java
187,internal/Library.java
188,internal/Platform.java
189,internal/SWTEventListener.java
190,internal/SWTEventObject.java
191,internal/SerializableCompatibility.java
192,internal/gdip/Gdip.java
193,internal/gdip/GdiplusStartupInput.java
194,internal/gdip/PointF.java
195,internal/gdip/Rect.java
196,internal/gdip/RectF.java
197,internal/image/FileFormat.java
198,internal/image/GIFFileFormat.java
199,internal/image/JPEGAppn.java
200,internal/image/JPEGArithmeticConditioningTable.java
201,internal/image/JPEGComment.java
202,internal/image/JPEGEndOfImage.java
203,internal/image/JPEGFileFormat.java
204,internal/image/JPEGFixedSizeSegment.java
205,internal/image/JPEGFrameHeader.java
206,internal/image/JPEGHuffmanTable.java
207,internal/image/JPEGQuantizationTable.java
208,internal/image/JPEGRestartInterval.java
209,internal/image/JPEGScanHeader.java
210,internal/image/JPEGSegment.java
211,internal/image/JPEGStartOfImage.java
212,internal/image/JPEGVariableSizeSegment.java
213,internal/image/LEDataInputStream.java
214,internal/image/LEDataOutputStream.java
215,internal/image/LZWCodec.java
216,internal/image/LZWNode.java
217,internal/image/OS2BMPFileFormat.java
218,internal/image/PNGFileFormat.java
219,internal/image/PngChunk.java
220,internal/image/PngChunkReader.java
221,internal/image/PngDecodingDataStream.java
222,internal/image/PngFileReadState.java
223,internal/image/PngHuffmanTable.java
224,internal/image/PngHuffmanTables.java
225,internal/image/PngIdatChunk.java
226,internal/image/PngIendChunk.java
227,internal/image/PngIhdrChunk.java
228,internal/image/PngLzBlockReader.java
229,internal/image/PngPlteChunk.java
230,internal/image/PngTrnsChunk.java
231,internal/image/TIFFDirectory.java
232,internal/image/TIFFFileFormat.java
233,internal/image/TIFFModifiedHuffmanCodec.java
234,internal/image/TIFFRandomFileAccess.java
235,internal/image/WinBMPFileFormat.java
236,internal/image/WinICOFileFormat.java
237,internal/ole/win32/CAUUID.java
238,internal/ole/win32/COM.java
239,internal/ole/win32/COMObject.java
240,internal/ole/win32/CONTROLINFO.java
241,internal/ole/win32/COSERVERINFO.java
242,internal/ole/win32/DISPPARAMS.java
243,internal/ole/win32/DVTARGETDEVICE.java
244,internal/ole/win32/EXCEPINFO.java
245,internal/ole/win32/FORMATETC.java
246,internal/ole/win32/FUNCDESC.java
247,internal/ole/win32/GUID.java
248,internal/ole/win32/IAccessible.java
249,internal/ole/win32/IClassFactory2.java
250,internal/ole/win32/IConnectionPoint.java
251,internal/ole/win32/IConnectionPointContainer.java
252,internal/ole/win32/IDataObject.java
253,internal/ole/win32/IDispatch.java
254,internal/ole/win32/IEnum.java
255,internal/ole/win32/IEnumFORMATETC.java
256,internal/ole/win32/IEnumSTATSTG.java
257,internal/ole/win32/IEnumVARIANT.java
258,internal/ole/win32/IFont.java
259,internal/ole/win32/IMoniker.java
260,internal/ole/win32/IOleCommandTarget.java
261,internal/ole/win32/IOleControl.java
262,internal/ole/win32/IOleDocument.java
263,internal/ole/win32/IOleDocumentView.java
264,internal/ole/win32/IOleInPlaceActiveObject.java
265,internal/ole/win32/IOleInPlaceObject.java
266,internal/ole/win32/IOleLink.java
267,internal/ole/win32/IOleObject.java
268,internal/ole/win32/IOleWindow.java
269,internal/ole/win32/IPersist.java
270,internal/ole/win32/IPersistStorage.java
271,internal/ole/win32/IPersistStreamInit.java
272,internal/ole/win32/IProvideClassInfo.java
273,internal/ole/win32/IProvideClassInfo2.java
274,internal/ole/win32/ISpecifyPropertyPages.java
275,internal/ole/win32/IStorage.java
276,internal/ole/win32/IStream.java
277,internal/ole/win32/ITypeInfo.java
278,internal/ole/win32/IUnknown.java
279,internal/ole/win32/IViewObject2.java
280,internal/ole/win32/LICINFO.java
281,internal/ole/win32/OLECMD.java
282,internal/ole/win32/OLECMDTEXT.java
283,internal/ole/win32/OLEINPLACEFRAMEINFO.java
284,internal/ole/win32/STATSTG.java
285,internal/ole/win32/STGMEDIUM.java
286,internal/ole/win32/TYPEATTR.java
287,internal/ole/win32/VARDESC.java
288,internal/win32/ACCEL.java
289,internal/win32/BITMAP.java
290,internal/win32/BITMAPINFOHEADER.java
291,internal/win32/BLENDFUNCTION.java
292,internal/win32/BROWSEINFO.java
293,internal/win32/BUTTON_IMAGELIST.java
294,internal/win32/CHOOSECOLOR.java
295,internal/win32/CHOOSEFONT.java
296,internal/win32/COMBOBOXINFO.java
297,internal/win32/COMPOSITIONFORM.java
298,internal/win32/CREATESTRUCT.java
299,internal/win32/DIBSECTION.java
300,internal/win32/DLLVERSIONINFO.java
301,internal/win32/DOCINFO.java
302,internal/win32/DRAWITEMSTRUCT.java
303,internal/win32/DROPFILES.java
304,internal/win32/EXTLOGPEN.java
305,internal/win32/FILETIME.java
306,internal/win32/GCP_RESULTS.java
307,internal/win32/GRADIENT_RECT.java
308,internal/win32/GUITHREADINFO.java
309,internal/win32/HDITEM.java
310,internal/win32/HDLAYOUT.java
311,internal/win32/HELPINFO.java
312,internal/win32/HIGHCONTRAST.java
313,internal/win32/ICONINFO.java
314,internal/win32/INITCOMMONCONTROLSEX.java
315,internal/win32/INPUT.java
316,internal/win32/KEYBDINPUT.java
317,internal/win32/LITEM.java
318,internal/win32/LOGBRUSH.java
319,internal/win32/LOGFONT.java
320,internal/win32/LOGFONTA.java
321,internal/win32/LOGFONTW.java
322,internal/win32/LOGPEN.java
323,internal/win32/LRESULT.java
324,internal/win32/LVCOLUMN.java
325,internal/win32/LVHITTESTINFO.java
326,internal/win32/LVITEM.java
327,internal/win32/MARGINS.java
328,internal/win32/MEASUREITEMSTRUCT.java
329,internal/win32/MENUBARINFO.java
330,internal/win32/MENUINFO.java
331,internal/win32/MENUITEMINFO.java
332,internal/win32/MINMAXINFO.java
333,internal/win32/MONITORINFO.java
334,internal/win32/MOUSEINPUT.java
335,internal/win32/MSG.java
336,internal/win32/NMCUSTOMDRAW.java
337,internal/win32/NMHDR.java
338,internal/win32/NMHEADER.java
339,internal/win32/NMLINK.java
340,internal/win32/NMLISTVIEW.java
341,internal/win32/NMLVCUSTOMDRAW.java
342,internal/win32/NMLVDISPINFO.java
343,internal/win32/NMLVFINDITEM.java
344,internal/win32/NMREBARCHEVRON.java
345,internal/win32/NMREBARCHILDSIZE.java
346,internal/win32/NMRGINFO.java
347,internal/win32/NMTBHOTITEM.java
348,internal/win32/NMTOOLBAR.java
349,internal/win32/NMTTDISPINFO.java
350,internal/win32/NMTTDISPINFOA.java
351,internal/win32/NMTTDISPINFOW.java
352,internal/win32/NMTVCUSTOMDRAW.java
353,internal/win32/NMTVDISPINFO.java
354,internal/win32/NMUPDOWN.java
355,internal/win32/NONCLIENTMETRICS.java
356,internal/win32/NONCLIENTMETRICSA.java
357,internal/win32/NONCLIENTMETRICSW.java
358,internal/win32/NOTIFYICONDATA.java
359,internal/win32/NOTIFYICONDATAA.java
360,internal/win32/NOTIFYICONDATAW.java
361,internal/win32/OPENFILENAME.java
362,internal/win32/OS.java
363,internal/win32/OSVERSIONINFO.java
364,internal/win32/OSVERSIONINFOA.java
365,internal/win32/OSVERSIONINFOW.java
366,internal/win32/PAINTSTRUCT.java
367,internal/win32/POINT.java
368,internal/win32/PRINTDLG.java
369,internal/win32/REBARBANDINFO.java
370,internal/win32/RECT.java
371,internal/win32/SCRIPT_ANALYSIS.java
372,internal/win32/SCRIPT_CONTROL.java
373,internal/win32/SCRIPT_FONTPROPERTIES.java
374,internal/win32/SCRIPT_ITEM.java
375,internal/win32/SCRIPT_LOGATTR.java
376,internal/win32/SCRIPT_PROPERTIES.java
377,internal/win32/SCRIPT_STATE.java
378,internal/win32/SCROLLINFO.java
379,internal/win32/SHACTIVATEINFO.java
380,internal/win32/SHELLEXECUTEINFO.java
381,internal/win32/SHMENUBARINFO.java
382,internal/win32/SHRGINFO.java
383,internal/win32/SIPINFO.java
384,internal/win32/SIZE.java
385,internal/win32/TBBUTTON.java
386,internal/win32/TBBUTTONINFO.java
387,internal/win32/TCHAR.java
388,internal/win32/TCITEM.java
389,internal/win32/TEXTMETRIC.java
390,internal/win32/TEXTMETRICA.java
391,internal/win32/TEXTMETRICW.java
392,internal/win32/TOOLINFO.java
393,internal/win32/TRACKMOUSEEVENT.java
394,internal/win32/TRIVERTEX.java
395,internal/win32/TVHITTESTINFO.java
396,internal/win32/TVINSERTSTRUCT.java
397,internal/win32/TVITEM.java
398,internal/win32/UDACCEL.java
399,internal/win32/WINDOWPLACEMENT.java
400,internal/win32/WINDOWPOS.java
401,internal/win32/WNDCLASS.java
402,layout/FillData.java
403,layout/FillLayout.java
404,layout/FormAttachment.java
405,layout/FormData.java
406,layout/FormLayout.java
407,layout/GridData.java
408,layout/GridLayout.java
409,layout/RowData.java
410,layout/RowLayout.java
411,ole/win32/OLE.java
412,ole/win32/OleAutomation.java
413,ole/win32/OleClientSite.java
414,ole/win32/OleControlSite.java
415,ole/win32/OleEvent.java
416,ole/win32/OleEventSink.java
417,ole/win32/OleEventTable.java
418,ole/win32/OleFrame.java
419,ole/win32/OleFunctionDescription.java
420,ole/win32/OleListener.java
421,ole/win32/OleParameterDescription.java
422,ole/win32/OlePropertyChangeSink.java
423,ole/win32/OlePropertyDescription.java
424,ole/win32/Variant.java
425,printing/PrintDialog.java
426,printing/Printer.java
427,printing/PrinterData.java
428,program/Program.java
429,widgets/Button.java
430,widgets/Canvas.java
431,widgets/Caret.java
432,widgets/ColorDialog.java
433,widgets/Combo.java
434,widgets/Composite.java
435,widgets/Control.java
436,widgets/CoolBar.java
437,widgets/CoolItem.java
438,widgets/Decorations.java
439,widgets/Dialog.java
440,widgets/DirectoryDialog.java
441,widgets/Display.java
442,widgets/Event.java
443,widgets/EventTable.java
444,widgets/FileDialog.java
445,widgets/FontDialog.java
446,widgets/Group.java
447,widgets/ImageList.java
448,widgets/Item.java
449,widgets/Label.java
450,widgets/Layout.java
451,widgets/Link.java
452,widgets/List.java
453,widgets/Listener.java
454,widgets/Menu.java
455,widgets/MenuItem.java
456,widgets/MessageBox.java
457,widgets/Monitor.java
458,widgets/ProgressBar.java
459,widgets/RunnableLock.java
460,widgets/Sash.java
461,widgets/Scale.java
462,widgets/ScrollBar.java
463,widgets/Scrollable.java
464,widgets/Shell.java
465,widgets/Slider.java
466,widgets/Spinner.java
467,widgets/Synchronizer.java
468,widgets/TabFolder.java
469,widgets/TabItem.java
470,widgets/Table.java
471,widgets/TableColumn.java
472,widgets/TableItem.java
473,widgets/Text.java
474,widgets/ToolBar.java
475,widgets/ToolItem.java
476,widgets/Tracker.java
477,widgets/Tray.java
478,widgets/TrayItem.java
479,widgets/Tree.java
480,widgets/TreeColumn.java
481,widgets/TreeItem.java
482,widgets/TypedListener.java
483,widgets/Widget.java